Rank,STATE,RECYCLING_RATE_WITHOUT_FFP,ALUMINUM_CANS,STEEL_CANS,GLASS_BOTTLES_AND_JARS,PET_BOTTLES,HDPE_BOTTLES,RIGID_PLASTICS,CLOSED_LOOP_RECYCLING_WITHOUT_FFP,MATERIAL_VALUE_CAPTURED_USDM_WITHOUT_FFP,MATERIAL_VALUE_CAPTURED_PCT_WITHOUT_FFP,RECYCLING_REFUND_STATE
43,ALABAMA,0.08,0.15,0.09,0.1,0.05,0.08,0.05,0.03,8,0.1,FALSE
47,ALASKA,0.06,0.13,0.08,0.07,0.03,0.03,0.02,0.02,0,,FALSE
34,ARIZONA,0.12,0.14,0.16,0.14,0.1,0.17,0.1,0.06,14,0.14,FALSE
39,ARKANSAS,0.11,0.11,0.11,0.16,0.05,0.14,0.07,0.03,5,0.1,FALSE
7,CALIFORNIA,0.41,0.77,0.29,0.49,0.56,0.24,0.3,0.33,380,0.46,TRUE
41,COLORADO,0.11,0.16,0.07,0.12,0.11,0.13,0.1,0.05,17,0.13,FALSE
10,CONNECTICUT,0.39,0.47,0.34,0.45,0.45,0.19,0.28,0.31,28,0.34,TRUE
14,DELAWARE,0.26,0.27,0.27,0.3,0.12,0.29,0.17,0.11,4,0.23,FALSE
27,FLORIDA,0.17,0.16,0.27,0.22,0.06,0.19,0.07,0.08,70,0.14,FALSE
31,GEORGIA,0.14,0.18,0.21,0.17,0.08,0.15,0.09,0.07,29,0.15,FALSE
20,HAWAII,0.22,0.55,0.04,0.2,0.37,0.15,0.22,0.19,0,,TRUE
33,IDAHO,0.13,0.15,0.14,0.15,0.13,0.17,0.11,0.04,4,0.15,FALSE
24,ILLINOIS,0.19,0.22,0.22,0.25,0.1,0.17,0.1,0.11,44,0.17,FALSE
16,INDIANA,0.24,0.15,0.32,0.26,0.16,0.4,0.19,0.14,26,0.23,FALSE
4,IOWA,0.45,0.62,0.27,0.68,0.38,0.17,0.17,0.41,36,0.4,TRUE
18,KANSAS,0.23,0.23,0.22,0.3,0.16,0.18,0.13,0.1,9,0.18,FALSE
40,KENTUCKY,0.11,0.15,0.09,0.15,0.08,0.1,0.07,0.06,7,0.11,FALSE
49,LOUISIANA,0.04,0.11,0.05,0.02,0.04,0.06,0.05,0.02,6,0.08,FALSE
1,MAINE,0.65,0.83,0.32,0.76,0.75,0.47,0.48,0.55,14,0.65,TRUE
12,MARYLAND,0.33,0.5,0.48,0.34,0.21,0.36,0.23,0.15,62,0.39,FALSE
3,MASSACHUSETTS,0.48,0.74,0.39,0.57,0.31,0.42,0.27,0.26,58,0.43,TRUE
8,MICHIGAN,0.4,0.76,0.34,0.53,0.29,0.39,0.22,0.3,94,0.42,TRUE
11,MINNESOTA,0.37,0.55,0.4,0.46,0.27,0.39,0.2,0.2,36,0.41,FALSE
45,MISSISSIPPI,0.06,0.11,0.07,0.08,0.04,0.06,0.04,0.02,4,0.08,FALSE
21,MISSOURI,0.22,0.17,0.22,0.29,0.09,0.21,0.12,0.11,16,0.16,FALSE
35,MONTANA,0.12,0.14,0.13,0.14,0.12,0.16,0.1,0.03,2,0.14,FALSE
38,NEBRASKA,0.11,0.17,0.17,0.09,0.14,0.16,0.12,0.06,6,0.17,FALSE
37,NEVADA,0.12,0.1,0.33,0.13,0.08,0.11,0.07,0.07,5,0.1,FALSE
17,NEW HAMPSHIRE,0.23,0.29,0.27,0.22,0.29,0.36,0.23,0.06,6,0.3,FALSE
9,NEW JERSEY,0.39,0.56,0.48,0.4,0.22,0.56,0.3,0.23,106,0.48,FALSE
29,NEW MEXICO,0.16,0.33,0.38,0.09,0.16,0.32,0.17,0.07,9,0.29,FALSE
6,NEW YORK,0.44,0.61,0.39,0.61,0.42,0.15,0.23,0.38,150,0.35,TRUE
28,NORTH CAROLINA,0.17,0.15,0.16,0.26,0.08,0.19,0.09,0.09,21,0.14,FALSE
22,NORTH DAKOTA,0.21,0.21,0.2,0.28,0.15,0.17,0.12,0.04,2,0.17,FALSE
30,OHIO,0.16,0.16,0.16,0.25,0.1,0.17,0.09,0.09,26,0.14,FALSE
44,OKLAHOMA,0.08,0.12,0.12,0.08,0.07,0.1,0.07,0.04,6,0.1,FALSE
5,OREGON,0.45,0.82,0.24,0.51,0.71,0.42,0.31,0.34,33,0.55,TRUE
23,PENNSYLVANIA,0.2,0.25,0.38,0.27,0.1,0.17,0.1,0.13,51,0.22,FALSE
26,RHODE ISLAND,0.17,0.7,0.23,0.0,0.31,0.41,0.27,0.1,6,0.45,FALSE
46,SOUTH CAROLINA,0.06,0.13,0.08,0.05,0.04,0.09,0.05,0.03,9,0.1,FALSE
19,SOUTH DAKOTA,0.23,0.23,0.21,0.3,0.16,0.18,0.13,0.05,3,0.19,FALSE
48,TENNESSEE,0.05,0.15,0.04,0.05,0.03,0.05,0.03,0.02,10,0.09,FALSE
42,TEXAS,0.08,0.14,0.09,0.1,0.07,0.07,0.05,0.04,56,0.1,FALSE
32,UTAH,0.14,0.16,0.15,0.16,0.14,0.18,0.11,0.04,8,0.15,FALSE
2,VERMONT,0.51,0.59,0.41,0.57,0.44,0.49,0.35,0.33,7,0.45,TRUE
25,VIRGINIA,0.18,0.21,0.32,0.28,0.08,0.17,0.08,0.06,26,0.16,FALSE
15,WASHINGTON,0.25,0.41,0.4,0.27,0.28,0.39,0.18,0.13,33,0.38,FALSE
50,WEST VIRGINIA,0.02,0.06,0.06,0.01,0.03,0.04,0.02,0.01,1,0.05,FALSE
13,WISCONSIN,0.26,0.28,0.44,0.4,0.18,0.25,0.12,0.13,30,0.23,FALSE
36,WYOMING,0.12,0.14,0.13,0.14,0.12,0.15,0.1,0.04,1,0.14,FALSE