STATE,MRF_FACILITIES,TRANSFER_FACILITIES,METALS_RECYCLING_FACILITIES,GLASS_RECYCLING_FACILITY,PLASTIC_RECYCLING_FACILITIES,PAPER_RECYCLING_FACILITIES,ELECTRONICS_RECYCLING_FACILITIES,NUMBER_OF_SECONDARY_GLASS_PROCESSORS,EPR_PACKAGING,EWASTE_LAW,BOTTLE_BILL,PLASTIC_BAG_BAN,ENVIRONMENTAL_AND_NATURAL_RESOURCES_DEPARTMENT_SPENDING_2015,MEDIAN_HOUSEHOLD_INCOME,PARTY_OF_GOVERNOR_MAYOR_FOR_DC,POPULATION,POPULATION_DENSITY_2020_PER_SQ_MILE,PERCENT_BACHELORS_OR_HIGHER,PERCENT_ADVANCED_DEGREE,UNEMPLOYMENT_AUG2025,POVERTY_RATE_PCT
Alabama,3,0,46,0,3,1,3,0,0,0,0,0,595886002.0,65560.0,R,5157699.0,99.0,27.4,10.8,2.9,11.3
Alaska,0,0,9,0,0,0,0,0,0,0,0,0,87330800.0,91260.0,R,740133.0,1.3,32.8,11.9,4.7,6.8
Arizona,3,120,87,0,2,1,25,1,0,0,0,0,208160500.0,84700.0,D,7582384.0,62.9,32.4,12.6,4.1,8.9
Arkansas,11,104,101,0,1,0,4,0,0,0,0,0,51888439.0,64840.0,R,3088354.0,58.0,25.3,9.4,3.8,11.5
California,70,461,191,2,21,5,96,6,1,1,1,1,9108000000.0,100600.0,D,39431263.0,253.6,36.2,14.0,5.5,8.4
Colorado,10,59,73,0,2,0,16,3,1,0,0,0,776681293.0,106500.0,D,5957493.0,56.0,44.4,17.0,4.2,5.9
Connecticut,7,149,29,0,3,0,3,1,0,1,1,1,26971049.0,99240.0,D,3675069.0,744.0,42.1,18.9,3.8,6.8
Delaware,1,3,1,0,0,0,1,0,0,0,0,1,134164400.0,85860.0,D,1051917.0,508.3,35.6,15.0,4.3,7.3
Florida,20,162,82,1,7,0,47,1,0,0,0,0,1308566053.0,75630.0,R,23372215.0,401.0,33.2,12.6,3.8,8.9
Georgia,16,264,538,0,12,4,37,2,0,0,0,0,248600677.0,81210.0,R,11180878.0,185.0,34.6,13.7,3.4,9.9
Hawaii,2,37,43,0,0,0,0,0,0,1,1,1,130881588.0,98240.0,D,1446146.0,226.0,35.3,13.1,2.7,6.9
Idaho,1,0,13,0,0,0,3,0,0,0,0,0,264940700.0,81650.0,R,2001619.0,22.0,30.7,10.5,3.7,7.0
Illinois,15,154,98,1,12,2,38,1,0,1,0,0,402300000.0,84210.0,D,12710158.0,231.0,37.1,15.0,4.4,8.2
Indiana,8,165,97,0,7,0,20,5,0,1,0,0,322123470.0,76710.0,R,6924275.0,189.0,28.9,10.4,3.6,8.4
Iowa,5,9,61,0,2,0,2,0,0,0,1,0,79754057.0,85480.0,R,3241488.0,57.0,30.5,9.9,3.8,6.9
Kansas,4,67,28,0,0,0,7,0,0,0,0,0,68105672.0,87690.0,D,2970606.0,36.0,35.4,13.4,3.8,7.7
Kentucky,2,274,360,1,4,0,9,2,0,0,0,0,226525700.0,64790.0,D,4588372.0,114.0,27.0,11.1,4.7,11.8
Louisiana,1,3,20,0,1,0,1,0,0,0,0,0,113321097.0,60740.0,R,4597740.0,107.0,26.4,9.6,4.4,14.2
Maine,2,229,8,0,0,1,1,0,1,1,1,1,74923412.0,90730.0,D,1405012.0,44.0,36.0,13.8,3.2,6.5
Maryland,6,15,32,0,3,1,13,0,1,1,0,0,344843088.0,109700.0,D,6263220.0,636.0,48.6,24.2,3.6,6.3
Massachusetts,10,219,59,1,9,2,14,0,0,0,1,0,143162000.0,113900.0,D,7136171.0,901.0,50.6,28.3,4.8,6.6
Michigan,12,74,168,1,11,1,22,0,0,1,1,0,502591800.0,79460.0,D,10140459.0,175.0,31.7,12.5,5.2,8.8
Minnesota,11,80,107,0,3,2,15,1,1,1,0,0,241150000.0,92350.0,D,5793151.0,71.0,38.9,13.4,3.6,5.5
Mississippi,0,64,26,0,1,0,4,0,0,0,0,0,52236352.0,55980.0,R,2943045.0,63.0,24.8,9.4,3.9,14.3
Missouri,4,59,72,2,3,0,16,2,0,1,0,0,454542115.0,78390.0,R,6245466.0,90.0,31.7,12.2,4.1,8.4
Montana,1,20,47,0,0,0,0,0,0,0,0,0,57641497.0,81920.0,R,1137233.0,7.0,34.8,12.4,2.9,7.1
Nebraska,3,34,13,0,1,0,2,1,0,0,0,0,22380731.0,86140.0,R,2005465.0,26.0,34.4,12.3,3.0,6.7
Nevada,3,11,9,0,0,0,10,1,0,0,0,0,126482492.0,80590.0,R,3267467.0,30.0,27.6,9.6,5.3,9.0
New Hampshire,0,135,4,0,0,3,8,0,0,0,0,0,188294502.0,111800.0,R,1409032.0,153.0,41.0,15.7,3.0,4.4
New Jersey,12,47,133,3,3,3,25,1,0,1,0,0,136928000.0,103500.0,D,9500851.0,1263.0,43.1,17.4,5.0,7.0
New Mexico,3,94,271,1,0,0,0,0,0,0,0,0,79059200.0,64140.0,D,2130256.0,17.0,30.0,14.1,4.1,13.7
New York,19,406,150,3,8,2,49,3,0,1,1,1,1251843000.0,86830.0,D,19867248.0,421.0,40.9,17.7,4.0,9.8
North Carolina,17,30,98,2,13,2,22,2,0,1,0,0,81306602.0,67220.0,D,11046024.0,218.0,34.9,13.2,3.7,9.4
North Dakota,1,35,65,0,0,0,0,0,0,0,0,0,25000000.0,88080.0,R,796568.0,12.0,31.7,9.4,2.5,6.2
Ohio,8,92,132,3,25,2,31,3,0,0,0,0,524904894.0,80520.0,R,11883304.0,286.0,30.7,11.8,5.0,9.2
Oklahoma,2,38,29,0,0,1,7,1,0,1,0,0,13740198.0,65310.0,R,4095393.0,59.0,27.9,9.6,3.1,11.1
Oregon,9,0,40,0,3,0,5,1,1,1,1,1,437742994.0,89700.0,D,4272371.0,45.0,36.3,13.9,5.0,7.3
Pennsylvania,16,62,184,2,8,6,34,7,0,1,0,0,710558000.0,80060.0,D,13078751.0,286.0,36.5,16.9,4.0,8.1
Rhode Island,1,28,11,0,1,0,1,0,0,1,0,0,88968734.0,92290.0,D,1112308.0,1021.0,36.5,15.6,4.6,7.0
South Carolina,9,52,202,1,3,2,5,1,0,1,0,0,692116993.0,76780.0,R,5478831.0,181.0,31.5,12.0,4.3,10.1
South Dakota,2,24,110,0,0,0,1,0,0,0,0,0,23650008.0,79850.0,R,924669.0,12.0,31.7,10.1,1.9,7.4
Tennessee,7,148,321,1,3,3,18,1,0,0,0,0,,75860.0,R,7227750.0,173.0,30.5,11.3,3.6,9.9
Texas,20,67,665,2,16,1,108,3,0,1,0,0,356616276.0,81490.0,R,31290831.0,114.0,33.1,11.9,4.1,10.5
Utah,6,17,35,3,3,0,5,0,0,1,0,0,257668791.0,104000.0,R,3503613.0,40.0,36.8,12.7,3.3,5.7
Vermont,2,127,0,0,0,1,1,0,0,1,1,1,102026276.0,85260.0,R,648493.0,68.0,44.4,18.4,2.5,5.7
Virginia,8,29,31,0,0,1,15,0,0,1,0,0,396734638.0,97720.0,D,8811195.0,223.0,41.8,18.3,3.6,6.8
Washington,9,0,15,1,1,5,13,1,1,1,0,0,414059000.0,97500.0,D,7958180.0,119.0,41.0,15.1,4.5,6.4
West Virginia,1,14,7,0,1,0,0,0,0,1,0,0,195072839.0,63150.0,R,1769979.0,75.0,24.1,9.9,3.8,11.9
Wisconsin,37,122,142,0,5,5,11,1,0,1,0,0,574854600.0,82560.0,D,5960975.0,110.0,32.5,11.0,3.1,6.6
Wyoming,0,20,27,0,0,0,0,0,0,0,0,0,267087909.0,78680.0,R,587618.0,6.0,29.2,10.7,3.2,7.1